query_id	doc_id	human_rel
2024-217488	msmarco_v2.1_doc_45_1506027263#8_3073617797	0
2024-141577	msmarco_v2.1_doc_37_304449165#5_646957439	0
2024-105741	msmarco_v2.1_doc_46_697242332#4_1471819853	0
2024-96063	msmarco_v2.1_doc_39_170562554#1_346355368	0
2024-214257	msmarco_v2.1_doc_35_228387684#0_502110531	0
2024-213817	msmarco_v2.1_doc_51_692777906#3_1439609382	0
2024-213817	msmarco_v2.1_doc_10_773758599#3_1436227878	0
2024-143869	msmarco_v2.1_doc_26_325054698#16_650779189	0
2024-96063	msmarco_v2.1_doc_30_1691080197#0_3588061148	0
2024-141577	msmarco_v2.1_doc_23_681625181#3_1505078448	0
2024-22886	msmarco_v2.1_doc_13_1325318360#5_2928434059	0
2024-96063	msmarco_v2.1_doc_39_1199170318#3_2443097081	0
2024-69711	msmarco_v2.1_doc_43_183023711#7_404288552	0
2024-88894	msmarco_v2.1_doc_08_271708499#1_520044014	0
2024-141577	msmarco_v2.1_doc_00_725358051#2_1349421908	0
2024-19025	msmarco_v2.1_doc_05_584160418#16_851859001	0
2024-41918	msmarco_v2.1_doc_06_285179120#4_499524770	0
2024-121840	msmarco_v2.1_doc_02_362369783#0_627977978	0
2024-105741	msmarco_v2.1_doc_54_280832078#19_632384476	0
2024-141577	msmarco_v2.1_doc_10_1626155646#7_2663552547	0
2024-213817	msmarco_v2.1_doc_03_675438276#14_1162868344	0
2024-213817	msmarco_v2.1_doc_31_271317333#5_583315079	0
2024-73918	msmarco_v2.1_doc_04_643640604#3_1413600377	0
2024-19025	msmarco_v2.1_doc_30_520843313#3_1179120215	0
2024-105741	msmarco_v2.1_doc_47_123370850#3_234935660	0
2024-88894	msmarco_v2.1_doc_42_1194437956#1_2693832400	0
2024-213789	msmarco_v2.1_doc_26_1206673420#9_2178637330	0
2024-79154	msmarco_v2.1_doc_12_546445072#6_989873379	0
2024-219624	msmarco_v2.1_doc_40_1255071790#11_2685266132	0
2024-35284	msmarco_v2.1_doc_17_947484347#4_1040252547	0
2024-88894	msmarco_v2.1_doc_08_263528162#0_505136291	0
2024-41918	msmarco_v2.1_doc_02_1560929682#1_2627057431	0
2024-213817	msmarco_v2.1_doc_05_1626742686#4_3110456570	0
2024-44059	msmarco_v2.1_doc_05_1607003252#0_3076466103	0
2024-19025	msmarco_v2.1_doc_02_1604182049#7_2721153786	0
2024-214257	msmarco_v2.1_doc_39_481026948#0_1057852555	0
2024-224926	msmarco_v2.1_doc_37_391678443#8_824093705	0
2024-43983	msmarco_v2.1_doc_19_330848815#8_357176792	0
2024-105741	msmarco_v2.1_doc_13_191771384#10_438680144	0
2024-152259	msmarco_v2.1_doc_14_610458760#14_1257390616	0
2024-224926	msmarco_v2.1_doc_25_1099291023#1_2073630130	0
2024-153051	msmarco_v2.1_doc_39_1391707635#5_2895977852	0
2024-32912	msmarco_v2.1_doc_37_171181872#9_343248769	0
2024-41918	msmarco_v2.1_doc_10_1286743060#5_2049804697	0
2024-219661	msmarco_v2.1_doc_55_213733802#11_489415428	0
2024-214257	msmarco_v2.1_doc_39_1054094948#7_2122973594	0
2024-153051	msmarco_v2.1_doc_16_2678019625#8_2963965288	0
2024-213789	msmarco_v2.1_doc_56_1534533684#2_3118323483	0
2024-213469	msmarco_v2.1_doc_11_100426014#5_185501595	0
2024-219661	msmarco_v2.1_doc_51_1704202542#2_3194569432	0
2024-141577	msmarco_v2.1_doc_23_66066237#9_152859514	0
2024-141577	msmarco_v2.1_doc_08_1640370375#0_2956781964	0
2024-29182	msmarco_v2.1_doc_48_1190492408#1_2168600703	0
2024-141577	msmarco_v2.1_doc_16_16814430#5_35232543	0
2024-220140	msmarco_v2.1_doc_52_1291482157#8_2603673125	0
2024-41198	msmarco_v2.1_doc_32_621292806#5_1152827258	0
2024-220140	msmarco_v2.1_doc_01_451542754#3_399257566	0
2024-19025	msmarco_v2.1_doc_40_1107116592#8_2331848577	0
2024-214257	msmarco_v2.1_doc_05_1563788604#2_2984643880	0
2024-224926	msmarco_v2.1_doc_29_1284349808#2_2909131294	0
2024-121840	msmarco_v2.1_doc_25_1363850475#3_2634370179	0
2024-96063	msmarco_v2.1_doc_14_1465412709#2_2989732911	0
2024-44059	msmarco_v2.1_doc_16_2097018567#18_2326304678	0
2024-88894	msmarco_v2.1_doc_02_331965634#0_580362368	0
2024-141577	msmarco_v2.1_doc_58_843095255#4_1229838422	0
2024-94706	msmarco_v2.1_doc_10_1397303771#1_2269439824	0
2024-29182	msmarco_v2.1_doc_42_222323055#2_380013520	0
2024-136156	msmarco_v2.1_doc_07_952823994#3_1657952749	0
2024-88894	msmarco_v2.1_doc_23_130548732#2_302057672	0
2024-216592	msmarco_v2.1_doc_28_545711560#0_1177613625	0
2024-35269	msmarco_v2.1_doc_44_587155703#1_1385973795	0
2024-215952	msmarco_v2.1_doc_39_776445775#5_1568992992	0
2024-215952	msmarco_v2.1_doc_18_4377168#4_5247050	0
2024-69711	msmarco_v2.1_doc_00_1279422582#1_2281738289	0
2024-43905	msmarco_v2.1_doc_16_3276425359#4_3617289676	0
2024-29182	msmarco_v2.1_doc_01_696877040#6_705484499	0
2024-142395	msmarco_v2.1_doc_33_182032532#10_422713039	0
2024-213789	msmarco_v2.1_doc_05_1793085379#17_3412275517	0
2024-58819	msmarco_v2.1_doc_13_1374072042#9_3032779586	0
2024-127288	msmarco_v2.1_doc_35_316770738#3_799519892	0
2024-121840	msmarco_v2.1_doc_29_209133305#12_576944964	0
2024-223358	msmarco_v2.1_doc_05_1277586395#6_2444435651	0
2024-213817	msmarco_v2.1_doc_18_1439853280#5_1621027428	0
2024-214126	msmarco_v2.1_doc_25_201658871#7_386528483	0
2024-216592	msmarco_v2.1_doc_07_664457296#9_1167928846	0
2024-136156	msmarco_v2.1_doc_19_1348013858#1_2101390967	0
2024-41849	msmarco_v2.1_doc_24_854503069#2_1756304008	0
2024-213817	msmarco_v2.1_doc_32_1467602662#22_3178240325	0
2024-43905	msmarco_v2.1_doc_52_876588799#18_1734678806	0
2024-141577	msmarco_v2.1_doc_22_727982690#9_1704543679	0
2024-29182	msmarco_v2.1_doc_48_1190492408#20_2168631507	0
2024-214257	msmarco_v2.1_doc_39_1222037962#6_2503092079	0
2024-44059	msmarco_v2.1_doc_09_541386849#0_841454161	0
2024-217279	msmarco_v2.1_doc_14_324883196#2_718352127	0
2024-36155	msmarco_v2.1_doc_09_814148811#6_1374298098	0
2024-29182	msmarco_v2.1_doc_13_1113621035#4_2482577753	0
2024-153051	msmarco_v2.1_doc_48_310056094#13_476039628	0
2024-29182	msmarco_v2.1_doc_26_998395815#16_1972781333	0
2024-220140	msmarco_v2.1_doc_31_696926533#7_1373121797	0
2024-213789	msmarco_v2.1_doc_42_535838404#4_1031132693	0
2024-223358	msmarco_v2.1_doc_39_542522140#8_1149658502	0
2024-214257	msmarco_v2.1_doc_17_2647387356#11_2862116470	0
2024-40863	msmarco_v2.1_doc_06_1670729984#2_2458807385	0
2024-23862	msmarco_v2.1_doc_24_578173742#3_1228885163	0
2024-219624	msmarco_v2.1_doc_28_894654474#6_1888253036	0
2024-128784	msmarco_v2.1_doc_01_999807424#0_1229931633	0
2024-214467	msmarco_v2.1_doc_16_3164971444#5_3494975076	0
2024-217279	msmarco_v2.1_doc_07_1471162811#3_2718864260	0
2024-18963	msmarco_v2.1_doc_14_929566211#3_1905671842	0
2024-73918	msmarco_v2.1_doc_58_803100860#2_1133654675	0
2024-96063	msmarco_v2.1_doc_13_351589017#4_832058289	0
2024-213817	msmarco_v2.1_doc_51_1482999970#1_3023546596	0
2024-153051	msmarco_v2.1_doc_52_672686324#8_1302206991	0
2024-44059	msmarco_v2.1_doc_17_1270856387#21_1402182677	0
2024-29182	msmarco_v2.1_doc_45_1227402755#10_2478547515	0
2024-214257	msmarco_v2.1_doc_24_1633801506#18_3514146261	0
2024-217488	msmarco_v2.1_doc_50_2274459920#1_3075172713	0
2024-32912	msmarco_v2.1_doc_03_649923359#9_1115551142	0
2024-88894	msmarco_v2.1_doc_35_1615240829#0_3599351329	0
2024-213817	msmarco_v2.1_doc_04_225878177#2_601721698	0
2024-23862	msmarco_v2.1_doc_38_1325021068#1_2694744158	0
2024-219661	msmarco_v2.1_doc_30_744644828#14_1696911373	0
2024-38986	msmarco_v2.1_doc_51_1465983635#9_2985473846	0
2024-214126	msmarco_v2.1_doc_05_504918571#11_714034139	0
2024-214126	msmarco_v2.1_doc_51_1539188035#5_3068638883	0
2024-121840	msmarco_v2.1_doc_49_1547484625#14_3228705255	0
2024-213817	msmarco_v2.1_doc_24_282580365#1_586270645	0
2024-35269	msmarco_v2.1_doc_13_1301077408#2_2874077186	0
2024-121840	msmarco_v2.1_doc_02_541583593#3_947230229	0
2024-224926	msmarco_v2.1_doc_18_1839502410#9_2072764524	0
2024-219661	msmarco_v2.1_doc_14_937149581#14_1921312130	0
2024-35227	msmarco_v2.1_doc_26_1764177436#2_3050899418	0
2024-214257	msmarco_v2.1_doc_21_999832548#5_2170138522	0
2024-127288	msmarco_v2.1_doc_18_1309034113#3_1471259498	0
2024-213789	msmarco_v2.1_doc_46_38840817#4_85222030	0
2024-219563	msmarco_v2.1_doc_35_452190054#4_1229213382	1
2024-42497	msmarco_v2.1_doc_20_555440234#7_1226753336	1
2024-215952	msmarco_v2.1_doc_00_742384263#2_1386029578	1
2024-41918	msmarco_v2.1_doc_08_614247145#3_1103820090	1
2024-38986	msmarco_v2.1_doc_00_465021312#3_853253598	1
2024-12875	msmarco_v2.1_doc_50_2118356567#12_2941957264	1
2024-23862	msmarco_v2.1_doc_50_2471288759#8_3316438457	1
2024-27366	msmarco_v2.1_doc_52_1086136850#12_2150650227	1
2024-58819	msmarco_v2.1_doc_43_315274076#18_681354524	1
2024-220140	msmarco_v2.1_doc_06_1409280788#7_1944144898	1
2024-149459	msmarco_v2.1_doc_53_372426425#5_732006346	1
2024-219661	msmarco_v2.1_doc_51_1716969794#0_3210651398	1
2024-142395	msmarco_v2.1_doc_01_1553779860#6_2248472671	1
2024-44060	msmarco_v2.1_doc_59_741757817#4_1687165299	1
2024-219563	msmarco_v2.1_doc_15_1778739770#2_3553301203	1
2024-216957	msmarco_v2.1_doc_09_1590620169#3_2782595024	1
2024-149459	msmarco_v2.1_doc_28_404076577#4_853261513	1
2024-69711	msmarco_v2.1_doc_17_3783336900#11_3890470128	1
2024-219631	msmarco_v2.1_doc_40_1108199124#14_2334754498	1
2024-40863	msmarco_v2.1_doc_42_1583613484#12_3768013023	1
2024-219631	msmarco_v2.1_doc_38_1567625021#5_3317517653	1
2024-23862	msmarco_v2.1_doc_57_600956769#3_858590790	1
2024-224701	msmarco_v2.1_doc_27_93673981#1_137644779	1
2024-43037	msmarco_v2.1_doc_00_1644852350#12_2875373787	1
2024-219661	msmarco_v2.1_doc_41_264265355#3_615458659	1
2024-152259	msmarco_v2.1_doc_18_1678097459#2_1891628344	1
2024-12875	msmarco_v2.1_doc_00_1330222474#3_2360626459	1
2024-18963	msmarco_v2.1_doc_23_504583992#3_1106439676	1
2024-79081	msmarco_v2.1_doc_50_1078812550#7_1820166624	1
2024-141577	msmarco_v2.1_doc_00_537447010#1_983972243	1
2024-214096	msmarco_v2.1_doc_10_709580685#1_1316087260	1
2024-220140	msmarco_v2.1_doc_42_741044054#0_1579220828	1
2024-27366	msmarco_v2.1_doc_14_1341996649#1_2742964582	1
2024-29182	msmarco_v2.1_doc_26_1414297927#8_2539747716	1
2024-38986	msmarco_v2.1_doc_56_668058548#0_1359957909	1
2024-40863	msmarco_v2.1_doc_12_1226908948#5_2459486639	1
2024-224226	msmarco_v2.1_doc_01_1192194928#3_1566164838	1
2024-143869	msmarco_v2.1_doc_05_1233716702#4_2349956672	1
2024-23862	msmarco_v2.1_doc_27_348866207#8_677714515	1
2024-23862	msmarco_v2.1_doc_19_1688472569#4_2726978382	1
2024-22410	msmarco_v2.1_doc_48_1591443696#12_2953708504	1
2024-73340	msmarco_v2.1_doc_37_288929785#4_613161020	1
2024-213469	msmarco_v2.1_doc_32_1049934745#2_2089947611	1
2024-142395	msmarco_v2.1_doc_28_5857505#9_16182017	1
2024-217812	msmarco_v2.1_doc_23_1397690825#5_3080888894	1
2024-105741	msmarco_v2.1_doc_50_1907589571#10_2717660238	1
2024-38986	msmarco_v2.1_doc_56_667883813#2_1359567422	1
2024-42497	msmarco_v2.1_doc_11_828480040#0_1571899466	1
2024-214096	msmarco_v2.1_doc_35_715755289#17_1739849169	1
2024-38986	msmarco_v2.1_doc_27_1214651349#7_2445422785	1
2024-213469	msmarco_v2.1_doc_34_493266866#4_1072139958	1
2024-79081	msmarco_v2.1_doc_03_133763628#8_256060513	1
2024-152817	msmarco_v2.1_doc_08_1517637587#3_2739434203	1
2024-96359	msmarco_v2.1_doc_39_551333767#0_1161575290	1
2024-27366	msmarco_v2.1_doc_43_445090100#6_982263750	1
2024-220058	msmarco_v2.1_doc_57_948722351#4_1607590743	1
2024-214096	msmarco_v2.1_doc_20_969545666#4_2147524450	1
2024-158261	msmarco_v2.1_doc_40_1106639842#3_2330494769	1
2024-41464	msmarco_v2.1_doc_01_1932050799#7_2884191410	1
2024-29182	msmarco_v2.1_doc_17_1898509863#4_2046185279	1
2024-41464	msmarco_v2.1_doc_45_931315869#11_1792568282	1
2024-105741	msmarco_v2.1_doc_15_609636625#2_1242839289	1
2024-42497	msmarco_v2.1_doc_20_1076942216#0_2357660958	1
2024-42497	msmarco_v2.1_doc_48_815269863#0_1470246713	1
2024-149459	msmarco_v2.1_doc_39_169062695#0_342269709	1
2024-137182	msmarco_v2.1_doc_00_1233719401#10_2208262640	1
2024-94706	msmarco_v2.1_doc_28_489123501#10_1051307018	1
2024-29941	msmarco_v2.1_doc_49_1549159786#0_3231869651	1
2024-152259	msmarco_v2.1_doc_15_250032195#8_516746527	1
2024-213817	msmarco_v2.1_doc_58_1248095210#2_1837064550	1
2024-27366	msmarco_v2.1_doc_10_510922120#1_945219615	1
2024-158743	msmarco_v2.1_doc_17_379191809#15_417478168	1
2024-27366	msmarco_v2.1_doc_37_1289280176#5_2831092345	1
2024-224279	msmarco_v2.1_doc_20_1488367914#17_3254017968	1
2024-35227	msmarco_v2.1_doc_39_1212417787#2_2470563534	1
2024-23862	msmarco_v2.1_doc_05_1585418851#11_3032926631	1
2024-94706	msmarco_v2.1_doc_28_662138824#3_1428337275	1
2024-29182	msmarco_v2.1_doc_41_1690609988#9_2618225484	1
2024-216957	msmarco_v2.1_doc_11_550047903#7_979700998	1
2024-213469	msmarco_v2.1_doc_34_995076860#1_2038606696	1
2024-105741	msmarco_v2.1_doc_01_1263521954#0_1651920796	1
2024-224226	msmarco_v2.1_doc_48_1012091109#9_1811496728	1
2024-217279	msmarco_v2.1_doc_47_291688943#3_555424363	1
2024-127266	msmarco_v2.1_doc_15_1675199349#7_3314895436	1
2024-127288	msmarco_v2.1_doc_08_1583232263#6_2857672630	1
2024-214096	msmarco_v2.1_doc_22_879414753#9_1980807700	1
2024-224701	msmarco_v2.1_doc_39_795499438#4_1606503556	1
2024-214467	msmarco_v2.1_doc_08_661276143#2_1190105079	1
2024-88894	msmarco_v2.1_doc_25_511273138#6_1008823114	1
2024-141577	msmarco_v2.1_doc_44_1630262365#2_3370498615	1
2024-88894	msmarco_v2.1_doc_42_1208496999#0_2717629296	1
2024-219563	msmarco_v2.1_doc_36_1404499012#1_2913286816	1
2024-153051	msmarco_v2.1_doc_03_42890375#8_95822076	1
2024-153051	msmarco_v2.1_doc_52_642387380#15_1228195486	1
2024-43983	msmarco_v2.1_doc_54_1661051481#8_3655461610	1
2024-127266	msmarco_v2.1_doc_51_880750803#8_1852939826	1
2024-143869	msmarco_v2.1_doc_24_604418367#1_1284329607	1
2024-94706	msmarco_v2.1_doc_53_407921327#1_814121075	1
2024-213469	msmarco_v2.1_doc_40_1073729672#2_2240838046	1
2024-96359	msmarco_v2.1_doc_18_1769374373#0_1995723528	1
2024-216592	msmarco_v2.1_doc_22_1044818629#8_2324644780	1
2024-216592	msmarco_v2.1_doc_41_841676527#1_1821957115	1
2024-38986	msmarco_v2.1_doc_06_212728735#9_378940537	1
2024-96063	msmarco_v2.1_doc_08_1488581279#9_2685525574	1
2024-216957	msmarco_v2.1_doc_56_407129814#6_835902809	1
2024-29182	msmarco_v2.1_doc_56_386856928#7_799092593	1
2024-149459	msmarco_v2.1_doc_53_502046427#8_1002717186	1
2024-213469	msmarco_v2.1_doc_24_577626703#4_1227500225	1
2024-224279	msmarco_v2.1_doc_08_1372106030#1_2483920333	1
2024-40863	msmarco_v2.1_doc_20_1409302574#15_3085803365	1
2024-41918	msmarco_v2.1_doc_06_742283333#3_1329985924	1
2024-216957	msmarco_v2.1_doc_09_1615074448#2_2834600788	1
2024-79081	msmarco_v2.1_doc_48_734699280#1_1318995247	1
2024-43983	msmarco_v2.1_doc_31_1175712597#3_2369026328	1
2024-41198	msmarco_v2.1_doc_25_782510739#1_1499857258	1
2024-35227	msmarco_v2.1_doc_46_17167562#4_39425063	1
2024-42014	msmarco_v2.1_doc_29_669017907#5_1560495287	1
2024-214467	msmarco_v2.1_doc_48_884638867#0_1624196867	1
2024-23862	msmarco_v2.1_doc_56_809411257#5_1659437522	1
2024-38986	msmarco_v2.1_doc_33_614255848#4_1303390144	1
2024-36155	msmarco_v2.1_doc_23_599049353#1_1336997965	1
2024-23862	msmarco_v2.1_doc_03_259207185#4_482157634	1
2024-41464	msmarco_v2.1_doc_11_773079058#10_1441395486	1
2024-158677	msmarco_v2.1_doc_19_1242208463#12_1854632425	1
2024-41464	msmarco_v2.1_doc_43_511300858#22_1124012576	1
2024-214257	msmarco_v2.1_doc_36_337147243#1_713190965	1
2024-142395	msmarco_v2.1_doc_04_953915260#7_1988091278	1
2024-43037	msmarco_v2.1_doc_18_1770243199#2_1996339494	1
2024-143869	msmarco_v2.1_doc_06_152377478#2_251405410	1
2024-220058	msmarco_v2.1_doc_35_1397022410#4_3206035617	1
2024-127288	msmarco_v2.1_doc_14_912359007#0_1869342080	1
2024-219631	msmarco_v2.1_doc_45_1000452693#4_1958141374	1
2024-217812	msmarco_v2.1_doc_48_1370231623#8_2504758367	1
2024-73918	msmarco_v2.1_doc_03_591744632#6_1026084766	1
2024-158261	msmarco_v2.1_doc_48_1247290656#2_2274097898	2
2024-121840	msmarco_v2.1_doc_22_384844820#8_941978892	2
2024-18963	msmarco_v2.1_doc_29_1081262982#4_2439688330	2
2024-143869	msmarco_v2.1_doc_42_702544031#10_1485801971	2
2024-158743	msmarco_v2.1_doc_56_381308049#12_790082769	2
2024-153051	msmarco_v2.1_doc_18_1585087673#0_1783346923	2
2024-128784	msmarco_v2.1_doc_32_127340307#1_292356169	2
2024-35284	msmarco_v2.1_doc_53_637079199#9_1344772839	2
2024-18963	msmarco_v2.1_doc_27_1108934023#3_2227257580	2
2024-35269	msmarco_v2.1_doc_00_244546227#10_450582969	2
2024-214467	msmarco_v2.1_doc_08_661276143#6_1190113137	2
2024-220058	msmarco_v2.1_doc_31_1699533068#12_3485356279	2
2024-224279	msmarco_v2.1_doc_06_1301023715#8_1722386514	2
2024-158261	msmarco_v2.1_doc_20_1263707170#1_2775375592	2
2024-41198	msmarco_v2.1_doc_57_1165911825#2_2101865777	2
2024-29941	msmarco_v2.1_doc_18_990359688#5_1116843103	2
2024-224226	msmarco_v2.1_doc_42_54406105#2_113877942	2
2024-215044	msmarco_v2.1_doc_36_105831812#2_223993697	2
2024-224226	msmarco_v2.1_doc_45_123334077#9_275140283	2
2024-137182	msmarco_v2.1_doc_55_287144041#8_658118296	2
2024-73918	msmarco_v2.1_doc_58_1237993832#1_1812202691	2
2024-214257	msmarco_v2.1_doc_10_213378389#11_406091754	2
2024-216592	msmarco_v2.1_doc_03_947778614#3_1609563738	2
2024-213469	msmarco_v2.1_doc_11_768086281#7_1431153127	2
2024-41464	msmarco_v2.1_doc_26_658061489#1_1249680722	2
2024-158677	msmarco_v2.1_doc_47_1269559747#4_2765764299	2
2024-158677	msmarco_v2.1_doc_29_708568565#7_1638372047	2
2024-22410	msmarco_v2.1_doc_34_338965513#1_719421210	2
2024-143869	msmarco_v2.1_doc_24_1619141498#7_3484768747	2
2024-216592	msmarco_v2.1_doc_22_1044818629#2_2324635892	2
2024-143869	msmarco_v2.1_doc_46_799520495#16_1694119575	2
2024-137182	msmarco_v2.1_doc_28_1538041773#2_3137254863	2
2024-40863	msmarco_v2.1_doc_36_221393056#5_466037892	2
2024-219661	msmarco_v2.1_doc_18_508868484#0_571839510	2
2024-217279	msmarco_v2.1_doc_40_256772831#1_538942751	2
2024-129925	msmarco_v2.1_doc_08_1658733943#0_2990277546	2
2024-73918	msmarco_v2.1_doc_58_1237993832#0_1812200475	2
2024-41198	msmarco_v2.1_doc_18_686308505#9_767433585	2
2024-219563	msmarco_v2.1_doc_51_172821219#5_394211510	2
2024-33466	msmarco_v2.1_doc_14_525178728#6_1089899943	2
2024-158677	msmarco_v2.1_doc_39_686536715#11_1348011300	2
2024-73918	msmarco_v2.1_doc_22_954553558#9_2141562076	2
2024-22410	msmarco_v2.1_doc_48_1623796548#12_3015329887	2
2024-217279	msmarco_v2.1_doc_43_1495893942#6_3178969362	2
2024-18963	msmarco_v2.1_doc_57_627950078#7_921650517	2
2024-216957	msmarco_v2.1_doc_50_226921394#3_462912094	2
2024-42014	msmarco_v2.1_doc_49_972857755#10_2008175412	2
2024-216592	msmarco_v2.1_doc_21_326226754#9_716680280	2
2024-143869	msmarco_v2.1_doc_10_631478787#5_1173678809	2
2024-41849	msmarco_v2.1_doc_29_601487365#9_1426885494	2
2024-127288	msmarco_v2.1_doc_16_63662485#0_123841909	2
2024-214096	msmarco_v2.1_doc_56_1467164156#3_2951357486	2
2024-214467	msmarco_v2.1_doc_00_951397626#13_1735618717	2
2024-41918	msmarco_v2.1_doc_04_1359831444#2_2764043780	2
2024-137182	msmarco_v2.1_doc_44_976116446#2_2030041526	2
2024-224279	msmarco_v2.1_doc_08_1486907795#15_2682302379	2
2024-224226	msmarco_v2.1_doc_34_1378476218#2_2866786124	2
2024-158261	msmarco_v2.1_doc_19_1630725595#4_2617068637	2
2024-137182	msmarco_v2.1_doc_19_1344795968#3_2092117862	2
2024-143869	msmarco_v2.1_doc_42_692919474#13_1459220479	2
2024-41918	msmarco_v2.1_doc_00_574485242#0_1050319829	2
2024-96063	msmarco_v2.1_doc_14_1335772831#3_2728778843	2
2024-105741	msmarco_v2.1_doc_38_1524878562#6_3221565634	2
2024-127266	msmarco_v2.1_doc_17_649143376#9_701692713	2
2024-217488	msmarco_v2.1_doc_50_2674143240#1_3756831262	2
2024-219563	msmarco_v2.1_doc_59_764291141#7_1741675985	2
2024-222465	msmarco_v2.1_doc_13_1192299828#6_2679943216	2
2024-158677	msmarco_v2.1_doc_45_1155626342#0_2313785786	2
2024-44060	msmarco_v2.1_doc_39_758824275#1_1527235010	2
2024-224279	msmarco_v2.1_doc_12_196621855#2_386199954	2
2024-35227	msmarco_v2.1_doc_01_1931366850#2_2883315866	2
2024-73918	msmarco_v2.1_doc_57_612341387#3_885136465	2
2024-223499	msmarco_v2.1_doc_04_641730856#2_1409383041	2
2024-158261	msmarco_v2.1_doc_36_236347459#7_494682323	2
2024-143869	msmarco_v2.1_doc_42_411487640#8_778951704	2
2024-42014	msmarco_v2.1_doc_08_1550317746#15_2799947297	2
2024-143869	msmarco_v2.1_doc_48_16989692#8_41937160	2
2024-22886	msmarco_v2.1_doc_43_332317984#4_725396030	2
2024-143869	msmarco_v2.1_doc_38_1430867027#5_2961323679	2
2024-143869	msmarco_v2.1_doc_08_526876442#10_927503017	2
2024-224226	msmarco_v2.1_doc_22_168489116#4_422970694	2
2024-224279	msmarco_v2.1_doc_29_1230207213#2_2779236279	2
2024-38986	msmarco_v2.1_doc_45_131874212#3_295809045	2
2024-35227	msmarco_v2.1_doc_10_259376603#4_484342902	2
2024-143869	msmarco_v2.1_doc_37_666426062#2_1372988735	2
2024-224279	msmarco_v2.1_doc_14_1745121008#2_3461283258	2
2024-213817	msmarco_v2.1_doc_04_1065395460#6_2198103403	2
2024-73918	msmarco_v2.1_doc_43_309673781#0_666709247	2
2024-153051	msmarco_v2.1_doc_57_170985302#7_373378110	2
2024-153051	msmarco_v2.1_doc_43_169672962#2_371610056	2
2024-213978	msmarco_v2.1_doc_18_1338744065#16_1504951626	2
2024-137182	msmarco_v2.1_doc_29_935825271#5_2166590150	2
2024-29182	msmarco_v2.1_doc_25_1602418282#3_3138161694	2
2024-217279	msmarco_v2.1_doc_07_1548427733#1_2854331795	2
2024-136156	msmarco_v2.1_doc_56_1425894173#10_2848679837	2
2024-213817	msmarco_v2.1_doc_36_893269177#10_1781009490	2
2024-158677	msmarco_v2.1_doc_21_1249272928#6_2672098070	2
2024-79081	msmarco_v2.1_doc_45_884198577#0_1675275051	2
2024-36155	msmarco_v2.1_doc_54_243679954#11_552757170	2
2024-22886	msmarco_v2.1_doc_49_1460094563#4_3022729682	2
2024-217488	msmarco_v2.1_doc_34_466080834#8_1009973604	2
2024-152817	msmarco_v2.1_doc_07_611729058#1_1068492144	2
2024-22886	msmarco_v2.1_doc_44_1653338202#1_3433222046	2
2024-214467	msmarco_v2.1_doc_16_3164994015#0_3494992346	2
2024-217488	msmarco_v2.1_doc_50_2674143240#4_3756837349	2
2024-12875	msmarco_v2.1_doc_35_1566568012#0_3507565634	2
2024-29941	msmarco_v2.1_doc_06_723660864#0_1303147786	2
2024-223499	msmarco_v2.1_doc_24_918750562#8_1907082445	2
2024-219631	msmarco_v2.1_doc_48_1261555166#4_2303858722	2
2024-22886	msmarco_v2.1_doc_49_1460094563#3_3022725192	2
2024-18963	msmarco_v2.1_doc_48_98349439#3_195216031	2
2024-127288	msmarco_v2.1_doc_02_1076933805#12_1829931034	2
2024-22410	msmarco_v2.1_doc_11_473959873#0_824451764	2
2024-79081	msmarco_v2.1_doc_06_257277384#3_465527382	2
2024-216592	msmarco_v2.1_doc_33_607092454#3_1291817028	2
2024-18963	msmarco_v2.1_doc_51_479550391#2_984445363	2
2024-41198	msmarco_v2.1_doc_25_782510739#4_1499863531	2
2024-158261	msmarco_v2.1_doc_16_452529596#12_712456647	2
2024-224279	msmarco_v2.1_doc_52_1094085319#9_2168616180	2
2024-29941	msmarco_v2.1_doc_20_975836292#3_2162380090	2
2024-41464	msmarco_v2.1_doc_13_1610645879#10_3532988881	2
2024-18963	msmarco_v2.1_doc_11_999742661#3_1946047755	2
2024-215952	msmarco_v2.1_doc_20_1480554588#9_3237171598	2
2024-58819	msmarco_v2.1_doc_30_1530643224#2_3248318933	2
2024-222465	msmarco_v2.1_doc_09_335384513#26_458430583	2
2024-35227	msmarco_v2.1_doc_15_1783923054#1_3565333482	2
2024-216957	msmarco_v2.1_doc_37_779248996#1_1603667845	2
2024-42014	msmarco_v2.1_doc_13_72049552#5_181537480	2
2024-223499	msmarco_v2.1_doc_40_977676162#8_2010190359	2
2024-38986	msmarco_v2.1_doc_27_1205496396#4_2425011859	2
2024-121840	msmarco_v2.1_doc_41_1916047017#4_3084306726	2
2024-44060	msmarco_v2.1_doc_23_982342570#8_2184904619	2
2024-223499	msmarco_v2.1_doc_23_534890367#9_1178410409	2
2024-216592	msmarco_v2.1_doc_47_282088852#1_535932101	2
2024-143869	msmarco_v2.1_doc_00_20347244#3_28125645	3
2024-33466	msmarco_v2.1_doc_12_1777289833#6_3601146121	3
2024-128784	msmarco_v2.1_doc_50_1549789005#18_2316072160	3
2024-128784	msmarco_v2.1_doc_47_1191691508#0_2589894558	3
2024-224279	msmarco_v2.1_doc_39_973479711#18_1979971117	3
2024-40863	msmarco_v2.1_doc_56_1456617496#4_2925108988	3
2024-143869	msmarco_v2.1_doc_42_713092636#14_1512189248	3
2024-33466	msmarco_v2.1_doc_34_907410428#14_1860376186	3
2024-33466	msmarco_v2.1_doc_44_15725404#4_32609045	3
2024-12875	msmarco_v2.1_doc_07_983036466#1_1728999404	3
2024-213817	msmarco_v2.1_doc_54_1332084841#4_2816883356	3
2024-224279	msmarco_v2.1_doc_47_331540849#1_634611301	3
2024-41918	msmarco_v2.1_doc_31_1306202651#0_2673080204	3
2024-18963	msmarco_v2.1_doc_17_219704380#2_242322590	3
2024-158677	msmarco_v2.1_doc_47_157049921#10_308416227	3
2024-12875	msmarco_v2.1_doc_39_1165021332#0_2357098681	3
2024-79081	msmarco_v2.1_doc_48_737500982#1_1325021022	3
2024-33466	msmarco_v2.1_doc_11_306783021#6_632566028	3
2024-223499	msmarco_v2.1_doc_22_1683805840#6_3566889914	3
2024-220058	msmarco_v2.1_doc_00_756157388#24_1411992163	3
2024-29941	msmarco_v2.1_doc_27_247715787#10_478694932	3
2024-79081	msmarco_v2.1_doc_35_202251892#11_427553917	3
2024-128784	msmarco_v2.1_doc_01_1952342979#1_2926723903	3
2024-128784	msmarco_v2.1_doc_34_327614568#4_703605833	3
2024-12875	msmarco_v2.1_doc_39_1165021332#1_2357100937	3
2024-158743	msmarco_v2.1_doc_17_1132149829#2_1242497825	3
2024-44060	msmarco_v2.1_doc_23_332200854#4_753684823	3
2024-33466	msmarco_v2.1_doc_39_959503269#1_1953299485	3
2024-127288	msmarco_v2.1_doc_55_845585462#6_1909269974	3
2024-121840	msmarco_v2.1_doc_10_1617169886#14_2650516865	3
2024-41918	msmarco_v2.1_doc_18_1152658657#11_1303732467	3
2024-38986	msmarco_v2.1_doc_58_1438869330#2_2246900578	3
2024-136156	msmarco_v2.1_doc_22_644517394#11_1497953913	3
2024-12875	msmarco_v2.1_doc_42_596543092#2_1184242476	3
2024-33466	msmarco_v2.1_doc_08_1063304173#4_1897730072	3
2024-145979	msmarco_v2.1_doc_01_523681915#14_449787024	3
2024-224279	msmarco_v2.1_doc_39_169949021#11_344722557	3
2024-158743	msmarco_v2.1_doc_28_296032846#17_614597483	3
2024-40863	msmarco_v2.1_doc_56_1391207909#2_2762292274	3
2024-22410	msmarco_v2.1_doc_56_1060439531#5_2165992672	3
2024-158743	msmarco_v2.1_doc_17_935007227#3_1026026207	3
2024-41464	msmarco_v2.1_doc_52_355934631#11_578689240	3
2024-121840	msmarco_v2.1_doc_48_1207036083#0_2197408146	3
2024-128784	msmarco_v2.1_doc_49_280115553#14_569021368	3
2024-128784	msmarco_v2.1_doc_23_553693879#0_1228113782	3
2024-158677	msmarco_v2.1_doc_55_538874050#0_1231667568	3
2024-143869	msmarco_v2.1_doc_24_604418367#16_1284354025	3
2024-40863	msmarco_v2.1_doc_41_655238268#1_1417775767	3
2024-127288	msmarco_v2.1_doc_37_1448471511#1_3238573101	3
2024-79081	msmarco_v2.1_doc_04_1081579649#5_2253250886	3
2024-149459	msmarco_v2.1_doc_04_251223477#2_650543692	3
2024-127266	msmarco_v2.1_doc_15_1662600985#6_3290167322	3
2024-40863	msmarco_v2.1_doc_56_1456617496#0_2925101724	3
2024-143869	msmarco_v2.1_doc_24_604418367#13_1284349448	3
2024-158743	msmarco_v2.1_doc_18_1595005639#11_1796658340	3
2024-128784	msmarco_v2.1_doc_57_773110937#1_1206115686	3
2024-127288	msmarco_v2.1_doc_54_351391926#0_814397570	3
2024-35620	msmarco_v2.1_doc_18_2357849465#4_2660485019	3
2024-73918	msmarco_v2.1_doc_14_1375240276#3_2817439903	3
2024-42014	msmarco_v2.1_doc_32_49061692#3_89759595	3
2024-127288	msmarco_v2.1_doc_44_563168941#5_1332286091	3
2024-41918	msmarco_v2.1_doc_58_747637172#3_1058008560	3
2024-213817	msmarco_v2.1_doc_52_1426746188#2_2894073496	3
2024-158677	msmarco_v2.1_doc_01_1864817543#3_2766640239	3
2024-29941	msmarco_v2.1_doc_25_1570581329#2_3066053427	3
2024-137182	msmarco_v2.1_doc_30_1697769510#9_3603062924	3
2024-128784	msmarco_v2.1_doc_43_1489329427#3_3156536725	3
2024-41918	msmarco_v2.1_doc_49_1599463300#8_3345698713	3
2024-42014	msmarco_v2.1_doc_14_1288647431#3_2623233235	3
2024-41464	msmarco_v2.1_doc_45_740891692#5_1395817893	3
2024-158743	msmarco_v2.1_doc_06_132754766#1_226820339	3
2024-12875	msmarco_v2.1_doc_21_389626209#4_835502743	3
2024-224279	msmarco_v2.1_doc_53_1155769560#1_2571739438	3
2024-143869	msmarco_v2.1_doc_38_937136335#5_2065981867	3
2024-29182	msmarco_v2.1_doc_50_400032628#15_832378220	3
2024-145979	msmarco_v2.1_doc_03_645709114#1_1107956164	3
2024-42014	msmarco_v2.1_doc_41_1916621858#12_3085827968	3
2024-42014	msmarco_v2.1_doc_55_476608999#11_1084643591	3
2024-145979	msmarco_v2.1_doc_25_771726319#10_1477557628	3
2024-158743	msmarco_v2.1_doc_09_706893782#1_1160104425	3
2024-127288	msmarco_v2.1_doc_23_685696690#1_1515161138	3
2024-145979	msmarco_v2.1_doc_25_771726319#5_1477551158	3
2024-224279	msmarco_v2.1_doc_27_453712018#0_911254408	3
2024-41918	msmarco_v2.1_doc_09_9067742#7_15761205	3
2024-42014	msmarco_v2.1_doc_24_1639554712#14_3525020583	3
2024-158743	msmarco_v2.1_doc_09_706893782#0_1160101998	3
2024-42014	msmarco_v2.1_doc_44_1435369545#3_2962265607	3
2024-137182	msmarco_v2.1_doc_40_1246643094#2_2667001390	3
2024-224279	msmarco_v2.1_doc_25_786697122#5_1508977822	3
2024-29941	msmarco_v2.1_doc_21_600237800#8_1274525375	3
2024-33466	msmarco_v2.1_doc_14_525084078#5_1089655095	3
2024-145979	msmarco_v2.1_doc_01_1812201916#17_2674215398	3
2024-42014	msmarco_v2.1_doc_29_669017907#12_1560507425	3
2024-219563	msmarco_v2.1_doc_55_337748993#9_742560437	3
2024-128784	msmarco_v2.1_doc_48_1623677895#2_3015034522	3
2024-152817	msmarco_v2.1_doc_37_713983548#10_1471687805	3
2024-127288	msmarco_v2.1_doc_44_135748826#1_293710567	3
2024-215952	msmarco_v2.1_doc_41_893228277#2_1959397816	3
2024-220140	msmarco_v2.1_doc_02_564692629#1_985845322	3
2024-153051	msmarco_v2.1_doc_19_2021688056#4_3321151831	3
2024-42497	msmarco_v2.1_doc_05_1690664467#4_3248127945	3
2024-158743	msmarco_v2.1_doc_57_1050253497#1_1838753596	3
2024-41918	msmarco_v2.1_doc_39_647748347#3_1272043686	3
2024-35620	msmarco_v2.1_doc_17_2119863051#6_2281924570	3
2024-42497	msmarco_v2.1_doc_14_884568057#14_1807719954	3
2024-42014	msmarco_v2.1_doc_32_414215849#1_786421035	3
2024-220140	msmarco_v2.1_doc_15_412763000#10_818372920	3
2024-220140	msmarco_v2.1_doc_02_564692629#2_985847207	3
2024-127288	msmarco_v2.1_doc_21_349300754#2_756156622	3
2024-137182	msmarco_v2.1_doc_12_580274902#0_1059597150	3
2024-145979	msmarco_v2.1_doc_49_290196220#22_591281833	3
2024-158743	msmarco_v2.1_doc_00_149706466#5_267655156	3
2024-41918	msmarco_v2.1_doc_05_1497016867#4_2854061725	3
2024-33466	msmarco_v2.1_doc_44_1364749777#11_2865838604	3
2024-128784	msmarco_v2.1_doc_20_1077545544#1_2359194034	3
2024-41198	msmarco_v2.1_doc_16_124126418#4_251392830	3
2024-33466	msmarco_v2.1_doc_44_1364749777#12_2865840141	3
2024-41918	msmarco_v2.1_doc_44_118493176#6_258352651	3
2024-12875	msmarco_v2.1_doc_46_1046380333#4_2270417417	3
2024-224701	msmarco_v2.1_doc_03_146712929#1_276348915	3
2024-158743	msmarco_v2.1_doc_01_2138429479#3_3235588739	3
2024-137182	msmarco_v2.1_doc_44_1480356709#7_3061703037	3
2024-79081	msmarco_v2.1_doc_04_1081579649#9_2253259307	3
2024-40863	msmarco_v2.1_doc_16_2233460457#9_2471391756	3
2024-41918	msmarco_v2.1_doc_08_1233859473#1_2221816241	3
2024-127288	msmarco_v2.1_doc_28_504076370#2_1085767208	3
2024-33466	msmarco_v2.1_doc_03_784098155#13_1339596893	3
2024-145979	msmarco_v2.1_doc_25_771726319#1_1477543023	3
2024-127266	msmarco_v2.1_doc_39_856160200#5_1745184626	3
2024-33466	msmarco_v2.1_doc_13_1286312648#1_2841838900	3
2024-127288	msmarco_v2.1_doc_44_1207523981#9_2492468145	3
2024-128784	msmarco_v2.1_doc_48_270511676#0_397646569	3
2024-12875	msmarco_v2.1_doc_01_1853786867#4_2748489637	3
2024-158743	msmarco_v2.1_doc_21_1208158844#5_2590738127	3
